,Code,Name,Country,Include,Servies/Goods,Category,Sub Category,Example 1,Example 2,Example 3,Example 4,Example 5
"1111a0/fresh soybeans, canola, flaxseeds, and other oilseeds/us",1111a0,"fresh soybeans, canola, flaxseeds, and other oilseeds",us,Yes,Goods,Food,,soybean,flaxseed,sunflower seeds,,
"1111b0/fresh wheat, corn, rice, and other grains/us",1111b0,"fresh wheat, corn, rice, and other grains",us,Yes,Goods,Food,,corn,rice,wheat,,
"111200/fresh vegetables, melons, and potatoes/us",111200,"fresh vegetables, melons, and potatoes",us,Yes,Goods,Food,,vegetables,melons,potatoes,,
111300/fresh fruits and tree nuts/us,111300,fresh fruits and tree nuts,us,Yes,Goods,,,fruits,fresh fruits,nuts,,
"111400/greenhouse crops, mushrooms, nurseries, and flowers/us",111400,"greenhouse crops, mushrooms, nurseries, and flowers",us,Yes,Goods,,,mushrooms,flowers,tomatoes,,
"111900/tobacco, cotton, sugarcane, peanuts, sugar beets, herbs and spices, and other crops/us",111900,"tobacco, cotton, sugarcane, peanuts, sugar beets, herbs and spices, and other crops",us,Yes,Goods,Food,,peanuts,sugar beets,herbs,,
112120/dairies/us,112120,dairies,us,No,Goods,Food,Dairy,,,,,
1121a0/cattle ranches and feedlots/us,1121a0,cattle ranches and feedlots,us,No,Goods,Food,Meat,,,,,
112300/poultry farms/us,112300,poultry farms,us,No,Goods,Food,Meat,,,,,
112a00/animal farms and aquaculture ponds (except cattle and poultry)/us,112a00,animal farms and aquaculture ponds (except cattle and poultry),us,No,Goods,Food,Meat,,,,,
113000/timber and raw forest products/us,113000,timber and raw forest products,us,No,Goods,Wood,,,,,,
114000/wild-caught fish and game/us,114000,wild-caught fish and game,us,No,Goods,Food,,,,,,
115000/agriculture and forestry support/us,115000,agriculture and forestry support,us,No,Service,,,,,,,
211000/unrefined oil and gas/us,211000,unrefined oil and gas,us,No,Goods,Energy,,,,,,
212100/coal/us,212100,coal,us,No,Goods,Energy,,,,,,
"212230/copper, nickel, lead, and zinc/us",212230,"copper, nickel, lead, and zinc",us,No,Goods,Raw Materials,Metals,,,,,
"2122a0/iron, gold, silver, and other metal ores/us",2122a0,"iron, gold, silver, and other metal ores",us,No,Goods,Raw Materials,Metals,,,,,
212310/dimensional stone/us,212310,dimensional stone,us,No,Goods,Raw Materials,,,,,,
"2123a0/sand, gravel, clay, phosphate, other nonmetallic minerals/us",2123a0,"sand, gravel, clay, phosphate, other nonmetallic minerals",us,No,Goods,Raw Materials,,,,,,
213111/well drilling/us,213111,well drilling,us,No,Service,,,,,,,
21311a/other support activities for mining/us,21311a,other support activities for mining,us,No,Service,,,,,,,
221100/electricity/us,221100,electricity,us,No,Goods,Energy,,,,,,
221200/natural gas/us,221200,natural gas,us,No,Goods,Energy,,,,,,
221300/drinking water and wastewater treatment/us,221300,drinking water and wastewater treatment,us,No,Service,,,,,,,
230301/nonresidential building repair and maintanence/us,230301,nonresidential building repair and maintanence,us,No,Service,,,,,,,
230302/residential building repair and maintanence/us,230302,residential building repair and maintanence,us,No,Service,,,,,,,
233210/health care buildings/us,233210,health care buildings,us,No,Goods,Buildings,,,,,,
233230/manufacturing buildings/us,233230,manufacturing buildings,us,No,Goods,Buildings,,,,,,
233240/utilities buildings and infrastructure/us,233240,utilities buildings and infrastructure,us,No,Goods,Buildings,,,,,,
233262/schools and vocational buildings/us,233262,schools and vocational buildings,us,No,Goods,Buildings,,,,,,
"233293/highways, streets, and bridges/us",233293,"highways, streets, and bridges",us,No,Goods,Infrastructure,,,,,,
"2332a0/commercial structures, including farm structures/us",2332a0,"commercial structures, including farm structures",us,No,Goods,Buildings,,,,,,
2332b0/other nonresidential structures/us,2332b0,other nonresidential structures,us,No,Goods,Buildings,,,,,,
233411/single-family homes/us,233411,single-family homes,us,No,Goods,Buildings,,,,,,
233412/multifamily homes/us,233412,multifamily homes,us,No,Goods,Buildings,,,,,,
2334a0/other residential structures/us,2334a0,other residential structures,us,No,Goods,Buildings,,,,,,
311111/dog and cat food/us,311111,dog and cat food,us,Yes,Goods,Animal Food,,dog food,cat food,,,
311119/other animal food/us,311119,other animal food,us,Yes,Goods,Animal Food,,bird food,animal food,,,
311210/flours and malts/us,311210,flours and malts,us,Yes,Goods,Food,Baking,flour,all purpose flour,whole wheat flour,,
311221/corn products/us,311221,corn products,us,Yes,Goods,Food,Corn,,,,,
"311225/refined vegetable, olive, and seed oils/us",311225,"refined vegetable, olive, and seed oils",us,Yes,Goods,Food,Oils,canola oil,olive oil,peanut oil,,
31122a/vegetable oils and by-products/us,31122a,vegetable oils and by-products,us,Yes,Goods,Food,Oils,vegetable oil,,,,
311230/breakfast cereals/us,311230,breakfast cereals,us,Yes,Goods,Food,Cereals,cereal,breakfast cereal,,,
"311300/sugar, candy, and chocolate/us",311300,"sugar, candy, and chocolate",us,Yes,Goods,Food,Sweets,sugar,candy,chocolate,,
311410/frozen food/us,311410,frozen food,us,Yes,Goods,Food,Frozen,frozen food,frozen vegetables,frozen meal,,
311420/fruit and vegetable preservation/us,311420,fruit and vegetable preservation,us,Yes,Goods,Food,Preserved Food,preserved fruit,,,,
311513/cheese/us,311513,cheese,us,Yes,Goods,Food,Dairy,cheese,,,,
"311514/dry, condensed, and evaporated dairy/us",311514,"dry, condensed, and evaporated dairy",us,Yes,Goods,Food,Dairy,condensed milk,evaporated milk,,,
31151a/fluid milk and butter/us,31151a,fluid milk and butter,us,Yes,Goods,Food,Dairy,milk,butter,,,
311520/ice cream and frozen desserts/us,311520,ice cream and frozen desserts,us,Yes,Goods,Food,Dairy,ice cream,frozen dessert,,,
311615/packaged poultry/us,311615,packaged poultry,us,Yes,Goods,Food,Dairy,chicken,poultry,,,
31161a/packaged meat (except poultry)/us,31161a,packaged meat (except poultry),us,Yes,Goods,Food,Meat,beef,pork,lamb,,
311700/seafood/us,311700,seafood,us,Yes,Goods,Food,Fish,fish,seafood,shrimp,,
311810/bread and other baked goods/us,311810,bread and other baked goods,us,Yes,Goods,Food,Other,bread,baked goods,,,
"3118a0/cookies, crackers, pastas, and tortillas/us",3118a0,"cookies, crackers, pastas, and tortillas",us,Yes,Goods,Food,Other,cookies,crackers,tortillas,,
311910/snack foods/us,311910,snack foods,us,Yes,Goods,Food,Other,snacks,,,,
311920/coffee and tea/us,311920,coffee and tea,us,Yes,Goods,Drinks,Coffee & Tea,coffee,tea,,,
311930/flavored drink concentrates/us,311930,flavored drink concentrates,us,Yes,Goods,Drinks,Other,crystal lite,drink flavoring,mio,,
311940/seasonings and dressings/us,311940,seasonings and dressings,us,Yes,Goods,Food,Other,seasonings,salt ,pepper,,
311990/all other foods/us,311990,all other foods,us,No,Goods,Food,Other,All others category,,,,
"312110/soft drinks, bottled water, and ice/us",312110,"soft drinks, bottled water, and ice",us,Yes,Goods,Drinks,Drinks,soda,bottled water,coke,,
312120/breweries and beer/us,312120,breweries and beer,us,Yes,Goods,Drinks,Alcohol,beer,,,,
312130/wineries and wine/us,312130,wineries and wine,us,Yes,Goods,Drinks,Alcohol,wine,,,,
312140/distilleries and spirits/us,312140,distilleries and spirits,us,Yes,Goods,Drinks,Alcohol,hard liquor,,,,
312200/tobacco products/us,312200,tobacco products,us,Yes,Goods,,,tobacco,cigarettes,chewing tobacco,,
"313100/fiber, yarn, and thread/us",313100,"fiber, yarn, and thread",us,Yes,Goods,,,yarn,thread,,,
313200/fabric/us,313200,fabric,us,Yes,Goods,,,fabric,,,,
313300/finished and coated fabric/us,313300,finished and coated fabric,us,No,Goods,,,,,,,
314110/carpets and rugs/us,314110,carpets and rugs,us,Yes,Goods,,,carpet,throw carpet,,,
314120/curtains and linens/us,314120,curtains and linens,us,Yes,Goods,,,curtains,sheets,bedding,,
314900/other textiles/us,314900,other textiles,us,No,Goods,,,,,,,
315000/clothing/us,315000,clothing,us,Yes,Goods,,,mens clothing,womens clothing,childrens clothing,,
316000/leather/us,316000,leather,us,Yes,Goods,,,leather,leather jacket,,,
321100/lumber and treated lumber/us,321100,lumber and treated lumber,us,Yes,Goods,,,lumber,lumber flooring,,,
321200/plywood and veneer/us,321200,plywood and veneer,us,Yes,Goods,,,plywood,plywood flooring,,,
"321910/wooden windows, door, and flooring/us",321910,"wooden windows, door, and flooring",us,No,Goods,,,windows,wooden door,,,
"3219a0/veneer, plywood, and engineered wood/us",3219a0,"veneer, plywood, and engineered wood",us,Yes,Goods,,,flooring,vinyl flooring,,,
322110/wood pulp/us,322110,wood pulp,us,No,Goods,,,,,,,
322120/paper/us,322120,paper,us,Yes,Goods,,,paper,printer paper,,,
322130/cardboard/us,322130,cardboard,us,Yes,Goods,,,cardboard sheets,,,,
322210/cardboard containers/us,322210,cardboard containers,us,Yes,Goods,,,carboard boxes,,,,
322220/paper bags and coated paper/us,322220,paper bags and coated paper,us,Yes,Goods,,,paper bags,,,,
322230/stationery/us,322230,stationery,us,Yes,Goods,,,stationery,,,,
"322291/sanitary paper (tissues, napkins, diapers, etc.)/us",322291,"sanitary paper (tissues, napkins, diapers, etc.)",us,Yes,Goods,,,tissues,napkins,diapers,,
322299/all other converted paper products/us,322299,all other converted paper products,us,No,Goods,,,All others category,,,,
"323110/books, newspapers, magazines, and other print media/us",323110,"books, newspapers, magazines, and other print media",us,Yes,Goods,,,books,newspapers,magazines,,
323120/printing support/us,323120,printing support,us,No,Service,,,,,,,
"324110/gasoline, fuels, and by-products of petroleum refining/us",324110,"gasoline, fuels, and by-products of petroleum refining",us,No,Service,,,,,,,
324121/asphalt pavement/us,324121,asphalt pavement,us,No,Service,,,,,,,
324122/asphalt shingles/us,324122,asphalt shingles,us,No,Goods,,,Not available on Amazon,,,,
324190/other petroleum and coal products/us,324190,other petroleum and coal products,us,No,Goods,,,,,,,
325110/petrochemicals/us,325110,petrochemicals,us,No,Goods,,,,,,,
325120/compressed gases/us,325120,compressed gases,us,No,Goods,,,,,,,
325130/synthetic dyes and pigments/us,325130,synthetic dyes and pigments,us,Yes,Goods,,,fabric dye,,,,
325180/other basic inorganic chemicals/us,325180,other basic inorganic chemicals,us,No,Goods,,,,,,,
325190/other basic organic chemicals/us,325190,other basic organic chemicals,us,No,Goods,,,,,,,
325211/plastics/us,325211,plastics,us,No,Goods,,,,,,,
3252a0/synthetic rubber and artificial and synthetic fibers/us,3252a0,synthetic rubber and artificial and synthetic fibers,us,No,Goods,,,,,,,
325310/fertilizers/us,325310,fertilizers,us,Yes,Goods,,,fertilizer,,,,
325320/pesticides/us,325320,pesticides,us,Yes,Goods,,,pesticides,,,,
325411/medicinal and botanical ingredients/us,325411,medicinal and botanical ingredients,us,No,Goods,,,,,,,
"325412/pharmaceutical products (pills, powders, solutions, etc.)/us",325412,"pharmaceutical products (pills, powders, solutions, etc.)",us,Yes,Goods,,,supplements,vitamins,,,
"325413/blood sugar, pregnancy, and other diagnostic test kits/us",325413,"blood sugar, pregnancy, and other diagnostic test kits",us,Yes,Goods,,,blood sugar test,pregnancy test,,,
325414/vaccines and other biological medical products/us,325414,vaccines and other biological medical products,us,No,Goods,,,,,,,
325510/paints and coatings/us,325510,paints and coatings,us,Yes,Goods,,,benjamin moore paint,,,,
325520/adhesives/us,325520,adhesives,us,Yes,Goods,,,glue,adhesive,,,
325610/soap and cleaning compounds/us,325610,soap and cleaning compounds,us,Yes,Goods,,,soap,,,,
325620/toiletries/us,325620,toiletries,us,Yes,Goods,,,shampoo,toothpaste,face cream,,
325910/ink and ink cartridges/us,325910,ink and ink cartridges,us,Yes,Goods,,,printer ink,ink cartriges,,,
"3259a0/chemicals (except basic chemicals, agrichemicals, polymers, paints, pharmaceuticals,soaps, cleaning compounds)/us",3259a0,"chemicals (except basic chemicals, agrichemicals, polymers, paints, pharmaceuticals,soaps, cleaning compounds)",us,No,Goods,,,All others category,,,,
"326110/plastic bags, films, and sheets/us",326110,"plastic bags, films, and sheets",us,yes,Goods,,,plastic bags,plastic sheets,,,
"326120/plastic pipe, fittings, and sausage casings/us",326120,"plastic pipe, fittings, and sausage casings",us,Yes,Goods,,,plastic pipe,,,,
326130/laminated plastic plates and shapes/us,326130,laminated plastic plates and shapes,us,Yes,Goods,,,,,,,
326140/polystyrene foam products/us,326140,polystyrene foam products,us,Yes,Goods,,,polystyrene ,,,,
326150/urethane and other foam products/us,326150,urethane and other foam products,us,Yes,Goods,,,urethane foam,,,,
326160/plastic bottles/us,326160,plastic bottles,us,Yes,Goods,,,plastic bottles,,,,
326190/other plastic products/us,326190,other plastic products,us,No,Goods,,,All others category,,,,
326210/rubber tires/us,326210,rubber tires,us,Yes,Goods,,,rubber tires,tires,,,
326220/rubber and plastic belts and hoses/us,326220,rubber and plastic belts and hoses,us,Yes,Goods,,,,,,,
326290/other rubber products/us,326290,other rubber products,us,No,Goods,,,All others category,,,,
327100/clay and ceramic products/us,327100,clay and ceramic products,us,Yes,Goods,,,clay pots,,,,
327200/glass and glass products/us,327200,glass and glass products,us,Yes,Goods,,,glasses,,,,
327310/cement/us,327310,cement,us,No,Goods,,,,,,,
327320/ready-mix concrete/us,327320,ready-mix concrete,us,Yes,Goods,,,ready-mix concrete,,,,
"327330/concrete pipe, bricks, and blocks/us",327330,"concrete pipe, bricks, and blocks",us,No,Goods,Raw Materials,,Not available on Amazon,,,,
327390/other concrete products/us,327390,other concrete products,us,No,Goods,Raw Materials,,,,,,
327400/lime and gypsum products/us,327400,lime and gypsum products,us,No,Goods,Raw Materials,,,,,,
327910/abrasive products/us,327910,abrasive products,us,No,Goods,Raw Materials,,,,,,
327991/cut stone and stone products/us,327991,cut stone and stone products,us,No,Goods,Raw Materials,,,,,,
327992/ground or treated minerals and earth/us,327992,ground or treated minerals and earth,us,No,Goods,Raw Materials,,,,,,
327993/mineral wool/us,327993,mineral wool,us,No,Goods,Raw Materials,,,,,,
327999/other nonmetallic mineral products/us,327999,other nonmetallic mineral products,us,No,Goods,Raw Materials,,,,,,
"331110/primary iron, steel, and ferroalloy products/us",331110,"primary iron, steel, and ferroalloy products",us,No,Goods,Raw Materials,,,,,,
331200/secondary steel products/us,331200,secondary steel products,us,No,Goods,Raw Materials,,,,,,
33131a/aluminum/us,33131a,aluminum,us,No,Goods,Raw Materials,,,,,,
33131b/aluminum products/us,33131b,aluminum products,us,Yes,Goods,,,aluminum foil,,,,
331411/primary copper/us,331411,primary copper,us,No,Goods,,,,,,,
331419/other primary nonferrous metals/us,331419,other primary nonferrous metals,us,No,Goods,,,,,,,
331420/secondary copper products/us,331420,secondary copper products,us,No,Goods,,,,,,,
331490/other secondary nonferrous metal products/us,331490,other secondary nonferrous metal products,us,No,Goods,,,,,,,
331510/cast iron and steel/us,331510,cast iron and steel,us,No,Goods,,,,,,,
331520/nonferrous metal casts/us,331520,nonferrous metal casts,us,No,Goods,,,,,,,
332114/custom metal rolls/us,332114,custom metal rolls,us,No,Goods,,,,,,,
"33211a/all other forging, stamping, and sintering/us",33211a,"all other forging, stamping, and sintering",us,No,Goods,,,,,,,
"33211b/lids, jars, bottle caps, other metal closures and crowns/us",33211b,"lids, jars, bottle caps, other metal closures and crowns",us,Yes,Goods,,,metal jar lid,,,,
332200/cutlery and handtools/us,332200,cutlery and handtools,us,Yes,Goods,,,cutlery,utensil set,handtools,,
332310/metal structural products/us,332310,metal structural products,us,No,Goods,,,,,,,
"332320/metal windows, doors, and architectural products/us",332320,"metal windows, doors, and architectural products",us,Yes,Goods,,,metal windows,doors,,,
332410/power boilers and heat exchangers/us,332410,power boilers and heat exchangers,us,No,Goods,,,Not available on Amazon,,,,
332420/heavy gauge metal tanks/us,332420,heavy gauge metal tanks,us,No,Goods,,,,,,,
"332430/light gauge metal cans, boxes, and containers/us",332430,"light gauge metal cans, boxes, and containers",us,No,Goods,,,,,,,
"332500/metal hinges, keys, lock, and other hardware/us",332500,"metal hinges, keys, lock, and other hardware",us,Yes,Goods,,,metal hinges,keys,door locks,,
332600/springs and wires/us,332600,springs and wires,us,Yes,Goods,,,springs,wires,,,
332710/machine shops/us,332710,machine shops,us,No,Service,,,,,,,
"332720/screws, nuts, and bolts/us",332720,"screws, nuts, and bolts",us,Yes,Goods,,,screws,nuts,bolts,,
"332800/metal coatings, engravings, and heat treatments/us",332800,"metal coatings, engravings, and heat treatments",us,No,Goods,,,,,,,
"332913/metal plumbing drains, faucets, valves, and other fittings/us",332913,"metal plumbing drains, faucets, valves, and other fittings",us,Yes,Goods,,,draings,faucets,sink valves,,
33291a/valve and fittings (except for plumbing)/us,33291a,valve and fittings (except for plumbing),us,Yes,Goods,,,,,,,
332991/ball and roller bearings/us,332991,ball and roller bearings,us,Yes,Goods,,,,,,,
332996/fabricated pipe and pipe fittings/us,332996,fabricated pipe and pipe fittings,us,No,Goods,,,,,,,
"33299a/ammunition, arms, ordnance, and related accessories/us",33299a,"ammunition, arms, ordnance, and related accessories",us,No,Goods,,,,,,,
"33299b/metal pipe fittings, ball and roller bearings, industrial patterns, metal bath fixtures, other misc. fabricated metals/us",33299b,"metal pipe fittings, ball and roller bearings, industrial patterns, metal bath fixtures, other misc. fabricated metals",us,No,Goods,,,,,,,
333111/farm machinery and equipment/us,333111,farm machinery and equipment,us,No,Goods,,,,,,,
333112/lawn and garden equipment/us,333112,lawn and garden equipment,us,Yes,Goods,,,,,,,
333120/construction machinery/us,333120,construction machinery,us,No,Goods,,,,,,,
333130/mining and oil/gas field machinery/us,#REF!,"mining and oil, gas field machinery",us,No,Goods,,,,,,,
333220/plastics and rubber industry machinery/us,333220,plastics and rubber industry machinery,us,No,Goods,,,,,,,
333295/semiconductor machinery/us,333295,semiconductor machinery,us,No,Goods,,,,,,,
"33329a/machinery for the paper, textile, food or other industries (except semiconductor machinery)/us",33329a,"machinery for the paper, textile, food or other industries (except semiconductor machinery)",us,No,Goods,,,,,,,
333313/office machinery/us,333313,office machinery,us,No,Goods,,,,,,,
333314/optical instruments and lenses/us,333314,optical instruments and lenses,us,No,Goods,,,,,,,
333315/photography and photocopying equipment/us,333315,photography and photocopying equipment,us,Yes,Goods,,,camera,camera film,photocopier,,
"33331a/vending, commercial laundry, and other commercial and service industry machinery/us",33331a,"vending, commercial laundry, and other commercial and service industry machinery",us,No,Goods,,,,,,,
333414/heating equipment other than warm air furnaces/us,333414,heating equipment other than warm air furnaces,us,No,Goods,,,,,,,
"333415/air conditioning, refrigeration, and warm air heating equipment/us",333415,"air conditioning, refrigeration, and warm air heating equipment",us,Yes,Goods,,,air conditioner,refrigerator,,,
33341a/air purification and ventilation equipment/us,33341a,air purification and ventilation equipment,us,Yes,Goods,,,air purifier,air filter,,,
333511/industrial molds/us,333511,industrial molds,us,No,Goods,,,,,,,
"333514/special tools, dies, jigs, and fixtures/us",333514,"special tools, dies, jigs, and fixtures",us,No,Goods,,,,,,,
33351a/metal cutting and forming machine tools/us,33351a,metal cutting and forming machine tools,us,No,Goods,,,,,,,
"33351b/cutting and machine tool accessory, rolling mill, and other metalworking machines/us",33351b,"cutting and machine tool accessory, rolling mill, and other metalworking machines",us,No,Goods,,,,,,,
333611/turbines and turbine generator sets/us,333611,turbines and turbine generator sets,us,No,Goods,,,,,,,
"333612/speed changers, industrial high-speed drives, and gears/us",333612,"speed changers, industrial high-speed drives, and gears",us,no,Goods,,,,,,,
333613/mechanical power transmission equipment/us,333613,mechanical power transmission equipment,us,No,Goods,,,,,,,
333618/other engine equipment/us,333618,other engine equipment,us,No,Goods,,,,,,,
333912/air and gas compressors/us,333912,air and gas compressors,us,Yes,Goods,,,air compressor,gas compressor,,,
33391a/pumps and pumping equipment/us,33391a,pumps and pumping equipment,us,No,Goods,,,,,,,
333920/material handling equipment/us,333920,material handling equipment,us,No,Goods,,,,,,,
333991/power tools/us,333991,power tools,us,Yes,Goods,,,power tools,drill,,,
333993/packaging machinery/us,333993,packaging machinery,us,No,Goods,,,,,,,
333994/industrial process furnaces and ovens/us,333994,industrial process furnaces and ovens,us,No,Goods,,,,,,,
"33399a/welding and soldering equipment, scales and balances, and other general purpose machinery/us",33399a,"welding and soldering equipment, scales and balances, and other general purpose machinery",us,Yes,Goods,,,welding tools,,,,
"33399b/hydraulic pumps, motors, cylinders and actuators/us",33399b,"hydraulic pumps, motors, cylinders and actuators",us,Yes,Goods,,,hydraulic bumps,,,,
334111/computers/us,334111,computers,us,Yes,Goods,,,laptop,desktop,,,
334112/computer storage device readers/us,334112,computer storage device readers,us,Yes,Goods,,,sd card reader,microsd card reader,,,
33411a/computer terminals and other computer peripheral equipment/us,33411a,computer terminals and other computer peripheral equipment,us,No,Goods,,,,,,,
334210/telephones/us,334210,telephones,us,Yes,Goods,,,landline phone,phone,,,
334220/wireless communications/us,334220,wireless communications,us,No,Goods,,,,,,,
334290/communications equipment/us,334290,communications equipment,us,No,Goods,,,,,,,
334300/audio and video equipment/us,334300,audio and video equipment,us,Yes,Goods,,,microphone,video equipment,,,
334413/semiconductors/us,334413,semiconductors,us,No,Goods,,,,,,,
334418/printed circuit and electronic assembly/us,334418,printed circuit and electronic assembly,us,No,Goods,,,,,,,
"33441a/electronic capacitors, resistors, coils, transformers, connectors and other components (except semiconductors and printed circuit assemblies)/us",33441a,"electronic capacitors, resistors, coils, transformers, connectors and other components (except semiconductors and printed circuit assemblies)",us,No,Goods,,,,,,,
334510/electromedical appartuses/us,334510,electromedical appartuses,us,No,Goods,,,,,,,
334511/navigation instruments/us,334511,navigation instruments,us,Yes,Goods,,,GPS,garmin,,,
334512/automatic controls for hvac and refrigeration equipment/us,334512,automatic controls for hvac and refrigeration equipment,us,No,Goods,,,,,,,
334513/industrial process variable instruments/us,334513,industrial process variable instruments,us,No,Goods,,,,,,,
334514/fluid meters and counting devices/us,334514,fluid meters and counting devices,us,No,Goods,,,,,,,
334515/signal testing instruments/us,334515,signal testing instruments,us,No,Goods,,,,,,,
334516/analytical laboratory instruments/us,334516,analytical laboratory instruments,us,No,Goods,,,,,,,
334517/irradiation apparatuses/us,334517,irradiation apparatuses,us,No,Goods,,,,,,,
"33451a/watches, clocks, and other measuring and controlling devices/us",33451a,"watches, clocks, and other measuring and controlling devices",us,Yes,Goods,,,watch,clock,stopwatch,,
"334610/external hard drives, cds, other storage media/us",334610,"external hard drives, cds, other storage media",us,Yes,Goods,,,external hard drive,cd,,,
335110/light bulbs/us,335110,light bulbs,us,Yes,Goods,,,light bulbs,led light bulbs,,,
335120/light fixtures/us,335120,light fixtures,us,Yes,Goods,,,light fixture,,,,
335210/small electrical appliances/us,335210,small electrical appliances,us,No,Goods,,,,,,,
335221/home cooking appliances/us,335221,home cooking appliances,us,No,Goods,,,,,,,
335222/home refrigerators and freezers/us,335222,home refrigerators and freezers,us,Yes,Goods,,,refrigerator,freezer,,,
335224/home laundry machines/us,335224,home laundry machines,us,Yes,Goods,,,laundry machine,,,,
"335228/major home appliances (except ovens, stoves, refrigerators and laundry machines)/us",335228,"major home appliances (except ovens, stoves, refrigerators and laundry machines)",us,Yes,Goods,,,dishwasher,,,,
335311/specialty transformers/us,335311,specialty transformers,us,No,Goods,,,,,,,
335312/motors and generators/us,335312,motors and generators,us,No,Goods,,,,,,,
335313/switchgear and switchboards/us,335313,switchgear and switchboards,us,No,Goods,,,,,,,
335314/relay and industrial controls/us,335314,relay and industrial controls,us,No,Goods,,,,,,,
335911/storage batteries/us,335911,storage batteries,us,No,Goods,,,,,,,
335912/primary batteries/us,335912,primary batteries,us,Yes,Goods,,,batteries,,,,
335920/communication and energy wire and cable/us,335920,communication and energy wire and cable,us,No,Goods,,,,,,,
335930/wiring devices/us,335930,wiring devices,us,No,Goods,,,,,,,
335991/carbon and graphite products/us,335991,carbon and graphite products,us,No,Goods,,,,,,,
335999/other miscellaneous electrical equipment and components/us,335999,other miscellaneous electrical equipment and components,us,No,Goods,,,,,,,
336111/automobiles/us,336111,automobiles,us,No,Goods,,,,,,,
"336112/pickup trucks, vans, and suvs/us",336112,"pickup trucks, vans, and suvs",us,No,Goods,,,,,,,
336120/heavy duty trucks/us,336120,heavy duty trucks,us,No,Goods,,,,,,,
336211/vehicle bodies/us,336211,vehicle bodies,us,No,Goods,,,,,,,
336212/truck trailers/us,336212,truck trailers,us,No,Goods,,,,,,,
336213/motor homes/us,336213,motor homes,us,No,Goods,,,,,,,
336214/travel trailer and campers/us,336214,travel trailer and campers,us,No,Goods,,,,,,,
336310/vehicle engines and engine parts/us,336310,vehicle engines and engine parts,us,No,Goods,,,,,,,
336320/vehicle electrical and electronic equipment/us,336320,vehicle electrical and electronic equipment,us,No,Goods,,,,,,,
336350/transmission and power train parts/us,336350,transmission and power train parts,us,No,Goods,,,,,,,
336360/vehicle seating and interior trim (upholstery)/us,336360,vehicle seating and interior trim (upholstery),us,No,Goods,,,,,,,
336370/vehicle metal stamping/us,336370,vehicle metal stamping,us,No,Goods,,,,,,,
336390/other vehicle parts/us,336390,other vehicle parts,us,No,Goods,,,,,,,
"3363a0/motor vehicle steering, suspension components (except spring), and brake systems/us",3363a0,"motor vehicle steering, suspension components (except spring), and brake systems",us,No,Goods,,,,,,,
336411/aircraft/us,336411,aircraft,us,No,Goods,,,,,,,
336412/aircraft engines and parts/us,336412,aircraft engines and parts,us,No,Goods,,,,,,,
336413/other aircraft parts/us,336413,other aircraft parts,us,No,Goods,,,,,,,
336414/guided missiles and space vehicles/us,336414,guided missiles and space vehicles,us,No,Goods,,,,,,,
33641a/propulsion units and parts for space vehicles and guided missiles/us,33641a,propulsion units and parts for space vehicles and guided missiles,us,No,Goods,,,,,,,
336500/railroad rolling stock/us,336500,railroad rolling stock,us,No,Goods,,,,,,,
336611/ships and ship repair/us,336611,ships and ship repair,us,No,Goods,,,,,,,
336612/boats/us,336612,boats,us,No,Goods,,,,,,,
"336991/motorcycle, bicycle, and parts/us",336991,"motorcycle, bicycle, and parts",us,Yes,Goods,,,bicycle,bicycle parts,,,
336992/military armored vehicles and tanks/us,336992,military armored vehicles and tanks,us,No,Goods,,,,,,,
336999/other transportation equipment/us,336999,other transportation equipment,us,No,Goods,,,,,,,
337110/wood kitchen cabinets and countertops/us,337110,wood kitchen cabinets and countertops,us,Yes,Goods,,,wood cabinets,,,,
337121/home furniture - upholstered/us,337121,home furniture - upholstered,us,Yes,Goods,,,upholstered furniture,upholster,,,
"337122/home furniture - wood, nonupholstered/us",337122,"home furniture - wood, nonupholstered",us,Yes,Goods,,,wood furniture,,,,
337127/institutional furniture/us,337127,institutional furniture,us,No,Goods,,,,,,,
"33712a/home furniture - cabinets and non-wood, nonupholstered/us",33712a,"home furniture - cabinets and non-wood, nonupholstered",us,Yes,Goods,,,cabinets,,,,
337215/shelving and lockers/us,337215,shelving and lockers,us,Yes,Goods,,,shelves,lockers,,,
33721a/office furniture and custom architectural woodwork and millwork/us,33721a,office furniture and custom architectural woodwork and millwork,us,Yes,Goods,,,office furniture,,,,
"337900/mattresses, blinds and shades/us",337900,"mattresses, blinds and shades",us,Yes,Goods,,,mattress,blinds,shades,,
339112/surgical and medical instruments/us,339112,surgical and medical instruments,us,No,Goods,,,,,,,
339113/surgical appliance and supplies/us,339113,surgical appliance and supplies,us,No,Goods,,,,,,,
339114/dental equipment and supplies/us,339114,dental equipment and supplies,us,No,Goods,,,,,,,
339115/ophthalmic goods/us,339115,ophthalmic goods,us,No,Goods,,,,,,,
339116/dental laboratories/us,339116,dental laboratories,us,No,Goods,,,,,,,
339910/jewelry and silverware/us,339910,jewelry and silverware,us,Yes,Goods,,,jewelry,silverware,,,
339920/sporting and athletic goods/us,339920,sporting and athletic goods,us,Yes,Goods,,,,,,,
"339930/dolls, toys, and games/us",339930,"dolls, toys, and games",us,yes,Goods,,,dolls,toys,games,,
339940/office supplies (not paper)/us,339940,office supplies (not paper),us,Yes,Goods,,,office supplies,office pens,,,
339950/signs/us,339950,signs,us,No,Goods,,,,,,,
"339990/gaskets, seals, musical instruments, fasteners, brooms, brushes, mop and other misc. goods/us",339990,"gaskets, seals, musical instruments, fasteners, brooms, brushes, mop and other misc. goods",us,Yes,Goods,,,gaskets,seals,musical instruments,,
420000/wholesale trade/us,420000,wholesale trade,us,No,Goods,,,,,,,
441000/vehicles and parts sales/us,441000,vehicles and parts sales,us,No,Goods,,,,,,,
445000/food and beverage stores/us,445000,food and beverage stores,us,No,Goods,,,,,,,
452000/general merchandise stores/us,452000,general merchandise stores,us,No,Goods,,,,,,,
481000/air transport/us,481000,air transport,us,No,Goods,,,,,,,
482000/rail transport/us,482000,rail transport,us,No,Goods,,,,,,,
"483000/water transport (boats, ships, ferries)/us",483000,"water transport (boats, ships, ferries)",us,No,Goods,,,,,,,
484000/truck transport/us,484000,truck transport,us,No,Goods,,,,,,,
485000/passenger ground transport/us,485000,passenger ground transport,us,No,Goods,,,,,,,
486000/pipeline transport/us,486000,pipeline transport,us,No,Goods,,,,,,,
48a000/scenic and sightseeing transportation and support activities for transportation/us,48a000,scenic and sightseeing transportation and support activities for transportation,us,No,Goods,,,,,,,
491000/postal service/us,491000,postal service,us,No,Goods,,,,,,,
492000/couriers and messengers/us,492000,couriers and messengers,us,No,Goods,,,,,,,
493000/warehousing/us,493000,warehousing,us,No,Goods,,,,,,,
4a0000/other retail/us,4a0000,other retail,us,No,Goods,,,,,,,
511110/newspapers/us,511110,newspapers,us,No,Goods,,,,,,,
511120/magazines and journals/us,511120,magazines and journals,us,Yes,Goods,,,magazines,,,,
511130/books/us,511130,books,us,Yes,Goods,,,books,hardcover books,softcover books,,
"5111a0/directory, mailing list, and other publishers/us",5111a0,"directory, mailing list, and other publishers",us,No,Goods,,,,,,,
511200/software/us,511200,software,us,Yes,Goods,,,computer software,windows software,mac software,,
512100/movies and film/us,512100,movies and film,us,Yes,Goods,,,movies,film,,,
512200/sound recording/us,512200,sound recording,us,No,Goods,,,,,,,
515100/radio and television/us,515100,radio and television,us,Yes,Goods,,,tv shows,,,,
515200/cable and subscription programming/us,515200,cable and subscription programming,us,Yes,Goods,,,,,,,
517110/telecommunications/us,517110,telecommunications,us,No,Goods,,,,,,,
517210/wireless telecommunications/us,517210,wireless telecommunications,us,No,Goods,,,,,,,
"517a00/satellite, telecommunications resellers, and all other telecommunications/us",517a00,"satellite, telecommunications resellers, and all other telecommunications",us,No,Goods,,,,,,,
518200/data processing and hosting/us,518200,data processing and hosting,us,No,Goods,,,,,,,
519130/internet publishing and broadcasting/us,519130,internet publishing and broadcasting,us,No,Goods,,,,,,,
"5191a0/news syndicates, libraries, archives, internet publishing and all other information services/us",5191a0,"news syndicates, libraries, archives, internet publishing and all other information services",us,No,Service,,,,,,,
522a00/nondepository credit intermediation and related activities/us,522a00,nondepository credit intermediation and related activities,us,No,Service,,,,,,,
"523900/investment advice, portfolio management, and other financial advising services/us",523900,"investment advice, portfolio management, and other financial advising services",us,No,Service,,,,,,,
523a00/securities and commodities brokerage and exchanges/us,523a00,securities and commodities brokerage and exchanges,us,No,Service,,,,,,,
524100/insurance carriers/us,524100,insurance carriers,us,No,Service,,,,,,,
524200/insurance agencies and brokerages/us,524200,insurance agencies and brokerages,us,No,Service,,,,,,,
"525000/funds, trusts, and financial vehicles/us",525000,"funds, trusts, and financial vehicles",us,No,Goods,,,,,,,
52a000/monetary authorities and depository credit intermediation/us,52a000,monetary authorities and depository credit intermediation,us,No,Service,,,,,,,
5310hs/housing/us,5310hs,housing,us,No,Goods,,,,,,,
531ore/other real estate/us,531ore,other real estate,us,No,Goods,,,,,,,
532100/vehicle rental and leasing/us,532100,vehicle rental and leasing,us,No,Service,,,,,,,
532400/commercial equipment rental/us,532400,commercial equipment rental,us,No,Service,,,,,,,
532a00/consumer goods and general rental centers/us,532a00,consumer goods and general rental centers,us,No,Goods,,,,,,,
533000/lessors of nonfinancial intangible assets/us,533000,lessors of nonfinancial intangible assets,us,No,Goods,,,,,,,
541100/legal services/us,541100,legal services,us,No,Service,,,,,,,
"541200/accounting, tax preparation, bookkeeping, and payroll/us",541200,"accounting, tax preparation, bookkeeping, and payroll",us,No,Service,,,,,,,
"541300/architectural, engineering, and related services/us",541300,"architectural, engineering, and related services",us,No,Service,,,,,,,
541400/specialized design/us,541400,specialized design,us,No,Service,Services,,,,,,
541511/custom computer programming/us,541511,custom computer programming,us,No,Service,Services,Computing,,,,,
541512/computer systems design/us,541512,computer systems design,us,No,Service,Services,Computing,,,,,
"54151a/other computer related services, including facilities management/us",54151a,"other computer related services, including facilities management",us,No,Service,Services,Computing,,,,,
541610/management consulting/us,541610,management consulting,us,No,Service,Services,Consuliting,,,,,
5416a0/environmental and other technical consulting services/us,5416a0,environmental and other technical consulting services,us,No,Service,Services,Consulting,,,,,
541700/scientific research and development/us,541700,scientific research and development,us,No,Service,,,,,,,
541800/advertising and public relations/us,541800,advertising and public relations,us,No,Service,,,,,,,
541920/photographers/us,541920,photographers,us,No,Service,,,,,,,
541940/veterinarians/us,541940,veterinarians,us,No,Service,,,,,,,
"5419a0/marketing research and all other miscellaneous professional, scientific, and technical services/us",5419a0,"marketing research and all other miscellaneous professional, scientific, and technical services",us,No,Service,,,,,,,
550000/company and enterprise management/us,550000,company and enterprise management,us,No,Service,Services,,,,,,
561100/office administration/us,561100,office administration,us,No,Service,,,,,,,
561200/facilities support/us,561200,facilities support,us,No,Service,,,,,,,
561300/employment services/us,561300,employment services,us,No,Service,,,,,,,
561400/business support/us,561400,business support,us,No,Service,,,,,,,
561500/travel arrangement and reservation/us,561500,travel arrangement and reservation,us,No,Service,,,,,,,
561600/investigation and security/us,561600,investigation and security,us,No,Service,,,,,,,
561700/buildings and dwellings services/us,561700,buildings and dwellings services,us,No,Service,,,,,,,
561900/other support services/us,561900,other support services,us,No,Service,,,,,,,
562000/waste management and remediation/us,562000,waste management and remediation,us,No,Service,,,,,,,
611100/elementary and secondary schools/us,611100,elementary and secondary schools,us,No,Service,,,,,,,
"611a00/colleges, universities, junior colleges, and professional schools/us",611a00,"colleges, universities, junior colleges, and professional schools",us,No,Service,,,,,,,
611b00/other educational services/us,611b00,other educational services,us,No,Service,,,,,,,
621100/physicians/us,621100,physicians,us,No,Service,,,,,,,
621200/dentists/us,621200,dentists,us,No,Service,,,,,,,
621300/healthcare practitioners (except physicians and dentists)/us,621300,healthcare practitioners (except physicians and dentists),us,No,Service,,,,,,,
621400/outpatient healthcare/us,621400,outpatient healthcare,us,No,Service,,,,,,,
621500/medical laboratories/us,621500,medical laboratories,us,No,Service,,,,,,,
621600/home healthcare/us,621600,home healthcare,us,No,Service,,,,,,,
621900/ambulances/us,621900,ambulances,us,No,Service,,,,,,,
622000/hospitals/us,622000,hospitals,us,No,Service,,,,,,,
623a00/nursing and community care facilities/us,623a00,nursing and community care facilities,us,No,Service,,,,,,,
"623b00/residential mental retardation, mental health, substance abuse and other facilities/us",623b00,"residential mental retardation, mental health, substance abuse and other facilities",us,No,Service,,,,,,,
624100/individual and family services/us,624100,individual and family services,us,No,Service,,,,,,,
624400/child day care/us,624400,child day care,us,No,Service,,,,,,,
"624a00/community food, housing, and other relief services, including rehabilitation services/us",624a00,"community food, housing, and other relief services, including rehabilitation services",us,No,Service,,,,,,,
711100/performances/us,711100,performances,us,No,Service,,,,,,,
711200/sports/us,711200,sports,us,No,Service,,,,,,,
"711500/independent artists, writers, and performers/us",711500,"independent artists, writers, and performers",us,No,Service,,,,,,,
711a00/promoters and agents/us,711a00,promoters and agents,us,No,Service,,,,,,,
"712000/museums, historical sites, zoos, and parks/us",712000,"museums, historical sites, zoos, and parks",us,No,Service,,,,,,,
713100/amusement parks and arcades/us,713100,amusement parks and arcades,us,No,Service,,,,,,,
713200/gambling establishments (except casino hotels)/us,713200,gambling establishments (except casino hotels),us,No,Service,,,,,,,
"713900/golf courses, marinas, ski resorts, fitness and other rec centers and industries/us",713900,"golf courses, marinas, ski resorts, fitness and other rec centers and industries",us,No,Service,,,,,,,
721000/hotels and campgrounds/us,721000,hotels and campgrounds,us,No,Service,,,,,,,
722110/full-service restaurants/us,722110,full-service restaurants,us,No,Service,,,,,,,
722211/limited-service restaurants/us,722211,limited-service restaurants,us,No,Service,,,,,,,
722a00/all other food and drinking places/us,722a00,all other food and drinking places,us,No,Service,,,,,,,
811100/vehicle repair/us,811100,vehicle repair,us,No,Service,,,,,,,
811200/electronic equipment repair and maintenance/us,811200,electronic equipment repair and maintenance,us,No,Service,,,,,,,
811300/commercial machinery repair/us,811300,commercial machinery repair,us,No,Service,,,,,,,
811400/household goods repair/us,811400,household goods repair,us,No,Service,,,,,,,
812100/salons and barber shops/us,812100,salons and barber shops,us,No,Service,,,,,,,
812200/funerary services/us,812200,funerary services,us,No,Service,,,,,,,
812300/dry-cleaning and laundry/us,812300,dry-cleaning and laundry,us,No,Service,,,,,,,
"812900/pet care, photofinishing, parking and other sundry services/us",812900,"pet care, photofinishing, parking and other sundry services",us,No,Service,,,,,,,
813100/religious organizations/us,813100,religious organizations,us,No,Service,,,,,,,
"813a00/grantmaking, giving, and social advocacy organizations/us",813a00,"grantmaking, giving, and social advocacy organizations",us,No,Service,,,,,,,
"813b00/civic, social, professional, and similar organizations/us",813b00,"civic, social, professional, and similar organizations",us,No,Service,,,,,,,
814000/household employees/us,814000,household employees,us,No,Service,,,,,,,
s00102/federal government enterprises/us,s00102,federal government enterprises,us,No,Service,,,,,,,
s00203/state and local government enterprises/us,s00203,state and local government enterprises,us,No,Service,,,,,,,
s00300/noncomparable imports/us,s00300,noncomparable imports,us,No,Service,,,,,,,
s00402/used and secondhand goods/us,s00402,used and secondhand goods,us,No,Service,,,,,,,
s00500/federal government (defense)/us,s00500,federal government (defense),us,No,Service,,,,,,,
s00600/federal government (nondefense)/us,s00600,federal government (nondefense),us,No,Service,,,,,,,
s00700/state and local government/us,s00700,state and local government,us,No,Service,,,,,,,
s00900/rest of the world adjustment/us,s00900,rest of the world adjustment,us,No,Service,,,,,,,